,Time,Sex,AgeStart,Value
0,1985,Male,0,0.0736176
1,1985,Female,0,0.06257504
3,1985,Male,1,0.01572612
4,1985,Female,1,0.01488407
6,1985,Male,2,0.00946485
7,1985,Female,2,0.00897368
9,1985,Male,3,0.0064211
10,1985,Female,3,0.00607768
12,1985,Male,4,0.00444256
13,1985,Female,4,0.00423319
15,1985,Male,5,0.00334082
16,1985,Female,5,0.00316313
18,1985,Male,6,0.00272734
19,1985,Female,6,0.00256088
21,1985,Male,7,0.00228675
22,1985,Female,7,0.00212973
24,1985,Male,8,0.00198835
25,1985,Female,8,0.00183902
27,1985,Male,9,0.00179534
28,1985,Female,9,0.00164996
30,1985,Male,10,0.00166408
31,1985,Female,10,0.00154893
33,1985,Male,11,0.001577
34,1985,Female,11,0.00150297
36,1985,Male,12,0.00157991
37,1985,Female,12,0.00150495
39,1985,Male,13,0.00163444
40,1985,Female,13,0.00153959
42,1985,Male,14,0.00173926
43,1985,Female,14,0.00162261
45,1985,Male,15,0.00187624
46,1985,Female,15,0.0017286
48,1985,Male,16,0.00208908
49,1985,Female,16,0.00187345
51,1985,Male,17,0.00231682
52,1985,Female,17,0.00199053
54,1985,Male,18,0.00255114
55,1985,Female,18,0.00212797
57,1985,Male,19,0.00279393
58,1985,Female,19,0.00224527
60,1985,Male,20,0.00302171
61,1985,Female,20,0.00236462
63,1985,Male,21,0.00321267
64,1985,Female,21,0.00248715
66,1985,Male,22,0.00336141
67,1985,Female,22,0.00260049
69,1985,Male,23,0.00346248
70,1985,Female,23,0.00270566
72,1985,Male,24,0.00353925
73,1985,Female,24,0.00281239
75,1985,Male,25,0.0035904
76,1985,Female,25,0.00291838
78,1985,Male,26,0.00364883
79,1985,Female,26,0.00301563
81,1985,Male,27,0.00371293
82,1985,Female,27,0.00310953
84,1985,Male,28,0.00380174
85,1985,Female,28,0.00322616
87,1985,Male,29,0.00389801
88,1985,Female,29,0.00330557
90,1985,Male,30,0.00405026
91,1985,Female,30,0.00345313
93,1985,Male,31,0.00414605
94,1985,Female,31,0.00352371
96,1985,Male,32,0.00435884
97,1985,Female,32,0.00368819
99,1985,Male,33,0.0045348
0,1985,Female,33,0.0038266
2,1985,Male,34,0.00472334
3,1985,Female,34,0.00397944
5,1985,Male,35,0.00496957
6,1985,Female,35,0.00413835
8,1985,Male,36,0.00519552
9,1985,Female,36,0.00431371
11,1985,Male,37,0.00543037
12,1985,Female,37,0.00447598
14,1985,Male,38,0.00572442
15,1985,Female,38,0.0047118
17,1985,Male,39,0.00598647
18,1985,Female,39,0.00488605
20,1985,Male,40,0.00636326
21,1985,Female,40,0.0051614
23,1985,Male,41,0.00657875
24,1985,Female,41,0.00526489
26,1985,Male,42,0.00703244
27,1985,Female,42,0.00558583
29,1985,Male,43,0.00733264
30,1985,Female,43,0.00574186
32,1985,Male,44,0.00773996
33,1985,Female,44,0.00596806
35,1985,Male,45,0.00823358
36,1985,Female,45,0.00624658
38,1985,Male,46,0.0086365
39,1985,Female,46,0.00649339
41,1985,Male,47,0.0091808
42,1985,Female,47,0.00679713
44,1985,Male,48,0.00984214
45,1985,Female,48,0.00724857
47,1985,Male,49,0.01050324
48,1985,Female,49,0.00767781
50,1985,Male,50,0.01137048
51,1985,Female,50,0.00833282
53,1985,Male,51,0.01194228
54,1985,Female,51,0.00868741
56,1985,Male,52,0.01292731
57,1985,Female,52,0.00943062
59,1985,Male,53,0.01370227
60,1985,Female,53,0.00995114
62,1985,Male,54,0.01459794
63,1985,Female,54,0.01061242
65,1985,Male,55,0.01548125
66,1985,Female,55,0.01125532
68,1985,Male,56,0.01652363
69,1985,Female,56,0.01202507
71,1985,Male,57,0.01759217
72,1985,Female,57,0.01279732
74,1985,Male,58,0.01903316
75,1985,Female,58,0.01393624
77,1985,Male,59,0.02049513
78,1985,Female,59,0.01506368
80,1985,Male,60,0.0225238
81,1985,Female,60,0.01684003
83,1985,Male,61,0.02399172
84,1985,Female,61,0.01788769
86,1985,Male,62,0.02639846
87,1985,Female,62,0.01992435
89,1985,Male,63,0.02860962
90,1985,Female,63,0.02173725
92,1985,Male,64,0.03102748
93,1985,Female,64,0.02378239
95,1985,Male,65,0.03374287
96,1985,Female,65,0.02611549
98,1985,Male,66,0.03626204
99,1985,Female,66,0.02825564
1,1985,Male,67,0.03945394
2,1985,Female,67,0.03094459
4,1985,Male,68,0.04306926
5,1985,Female,68,0.03417018
7,1985,Male,69,0.04678557
8,1985,Female,69,0.0373329
10,1985,Male,70,0.05193957
11,1985,Female,70,0.04227378
13,1985,Male,71,0.05569851
14,1985,Female,71,0.04526267
16,1985,Male,72,0.06194614
17,1985,Female,72,0.0508807
19,1985,Male,73,0.06752736
20,1985,Female,73,0.05569905
22,1985,Male,74,0.07389328
23,1985,Female,74,0.06128911
25,1985,Male,75,0.08083946
26,1985,Female,75,0.06750808
28,1985,Male,76,0.08794771
29,1985,Female,76,0.07348498
31,1985,Male,77,0.09551197
32,1985,Female,77,0.07995194
34,1985,Male,78,0.10483932
35,1985,Female,78,0.08831662
37,1985,Male,79,0.11351163
38,1985,Female,79,0.09565625
40,1985,Male,80,0.12453815
41,1985,Female,80,0.1056756
43,1985,Male,81,0.13323851
44,1985,Female,81,0.11249056
46,1985,Male,82,0.14721702
47,1985,Female,82,0.12547563
49,1985,Male,83,0.15994007
50,1985,Female,83,0.13691926
52,1985,Male,84,0.17489519
53,1985,Female,84,0.15045942
55,1985,Male,85,0.18824172
56,1985,Female,85,0.16325747
58,1985,Male,86,0.20366611
59,1985,Female,86,0.17698558
61,1985,Male,87,0.21889494
62,1985,Female,87,0.19069671
64,1985,Male,88,0.23566801
65,1985,Female,88,0.20624352
67,1985,Male,89,0.25187363
68,1985,Female,89,0.22082927
70,1985,Male,90,0.27206929
71,1985,Female,90,0.24178288
73,1985,Male,91,0.28684492
74,1985,Female,91,0.25397144
76,1985,Male,92,0.30893892
77,1985,Female,92,0.27570676
79,1985,Male,93,0.32931066
80,1985,Female,93,0.29514983
82,1985,Male,94,0.35129882
83,1985,Female,94,0.31664858
85,1985,Male,95,0.37551653
86,1985,Female,95,0.34017936
88,1985,Male,96,0.397409
89,1985,Female,96,0.36185996
91,1985,Male,97,0.41866867
92,1985,Female,97,0.38313382
94,1985,Male,98,0.43919614
95,1985,Female,98,0.40389914
97,1985,Male,99,0.46529196
98,1985,Female,99,0.43068148
0,1985,Male,100,0.51905733
1,1985,Female,100,0.48878446
0,1995,Male,0,0.08078305
1,1995,Female,0,0.06764031
3,1995,Male,1,0.01807716
4,1995,Female,1,0.016802
6,1995,Male,2,0.01123229
7,1995,Female,2,0.01031019
9,1995,Male,3,0.00761334
10,1995,Female,3,0.00688303
12,1995,Male,4,0.00530044
13,1995,Female,4,0.00474269
15,1995,Male,5,0.0039354
16,1995,Female,5,0.00351079
18,1995,Male,6,0.00323854
19,1995,Female,6,0.00287051
21,1995,Male,7,0.00274543
22,1995,Female,7,0.00245261
24,1995,Male,8,0.00239733
25,1995,Female,8,0.00215918
27,1995,Male,9,0.00216419
28,1995,Female,9,0.00197999
30,1995,Male,10,0.00202184
31,1995,Female,10,0.00188288
33,1995,Male,11,0.00194611
34,1995,Female,11,0.00183943
36,1995,Male,12,0.00196103
37,1995,Female,12,0.00187642
39,1995,Male,13,0.00203668
40,1995,Female,13,0.00197604
42,1995,Male,14,0.00218421
43,1995,Female,14,0.00214028
45,1995,Male,15,0.00238431
46,1995,Female,15,0.00236256
48,1995,Male,16,0.00265014
49,1995,Female,16,0.00260108
51,1995,Male,17,0.00297853
52,1995,Female,17,0.00286368
54,1995,Male,18,0.00331119
55,1995,Female,18,0.00316017
57,1995,Male,19,0.00365575
58,1995,Female,19,0.00344133
60,1995,Male,20,0.00401173
61,1995,Female,20,0.00374873
63,1995,Male,21,0.00433535
64,1995,Female,21,0.00402105
66,1995,Male,22,0.00462485
67,1995,Female,22,0.00434794
69,1995,Male,23,0.00486003
70,1995,Female,23,0.0046631
72,1995,Male,24,0.0050658
73,1995,Female,24,0.00498106
75,1995,Male,25,0.00525265
76,1995,Female,25,0.00531195
78,1995,Male,26,0.00542771
79,1995,Female,26,0.00563343
81,1995,Male,27,0.00562612
82,1995,Female,27,0.00594004
84,1995,Male,28,0.00584103
85,1995,Female,28,0.00623327
87,1995,Male,29,0.00605875
88,1995,Female,29,0.00650438
90,1995,Male,30,0.00636498
91,1995,Female,30,0.00681365
93,1995,Male,31,0.0065724
94,1995,Female,31,0.00702327
96,1995,Male,32,0.00693884
97,1995,Female,32,0.00737017
99,1995,Male,33,0.00726247
0,1995,Female,33,0.00766746
2,1995,Male,34,0.00761181
3,1995,Female,34,0.00799737
5,1995,Male,35,0.00803038
6,1995,Female,35,0.008359
8,1995,Male,36,0.00840553
9,1995,Female,36,0.00867904
11,1995,Male,37,0.0087931
12,1995,Female,37,0.00898531
14,1995,Male,38,0.00922211
15,1995,Female,38,0.0093455
17,1995,Male,39,0.00960699
18,1995,Female,39,0.00962671
20,1995,Male,40,0.01014232
21,1995,Female,40,0.01000267
23,1995,Male,41,0.01042954
24,1995,Female,41,0.01019342
26,1995,Male,42,0.01100704
27,1995,Female,42,0.01055255
29,1995,Male,43,0.01140296
30,1995,Female,43,0.01079152
32,1995,Male,44,0.01193035
33,1995,Female,44,0.01111177
35,1995,Male,45,0.01255818
36,1995,Female,45,0.01150743
38,1995,Male,46,0.01306577
39,1995,Female,46,0.01187114
41,1995,Male,47,0.01373646
42,1995,Female,47,0.01230769
44,1995,Male,48,0.01454904
45,1995,Female,48,0.01291484
47,1995,Male,49,0.01533624
48,1995,Female,49,0.013517
50,1995,Male,50,0.01639461
51,1995,Female,50,0.01433194
53,1995,Male,51,0.01703615
54,1995,Female,51,0.01485311
56,1995,Male,52,0.01814563
57,1995,Female,52,0.01572036
59,1995,Male,53,0.01899481
60,1995,Female,53,0.01639266
62,1995,Male,54,0.01998218
63,1995,Female,54,0.01720955
65,1995,Male,55,0.02099995
66,1995,Female,55,0.01805158
68,1995,Male,56,0.02211048
69,1995,Female,56,0.01900744
71,1995,Male,57,0.02331062
72,1995,Female,57,0.0200116
74,1995,Male,58,0.02492537
75,1995,Female,58,0.02137302
77,1995,Male,59,0.02660986
78,1995,Female,59,0.0228011
80,1995,Male,60,0.02900605
81,1995,Female,60,0.02480336
83,1995,Male,61,0.0306931
84,1995,Female,61,0.02631107
86,1995,Male,62,0.03339386
87,1995,Female,62,0.0286549
89,1995,Male,63,0.03586392
90,1995,Female,63,0.0309287
92,1995,Male,64,0.03855897
93,1995,Female,64,0.03346767
95,1995,Male,65,0.0415368
96,1995,Female,65,0.03634005
98,1995,Male,66,0.04373596
99,1995,Female,66,0.03828016
1,1995,Male,67,0.04648749
2,1995,Female,67,0.0406243
4,1995,Male,68,0.04963047
5,1995,Female,68,0.0433864
7,1995,Male,69,0.05285104
8,1995,Female,69,0.04612746
10,1995,Male,70,0.05749091
11,1995,Female,70,0.05019953
13,1995,Male,71,0.06063052
14,1995,Female,71,0.05272122
16,1995,Male,72,0.06607353
17,1995,Female,72,0.05726371
19,1995,Male,73,0.07079944
20,1995,Female,73,0.06108498
22,1995,Male,74,0.0761665
23,1995,Female,74,0.06545074
25,1995,Male,75,0.08201065
26,1995,Female,75,0.07020702
28,1995,Male,76,0.08792436
29,1995,Female,76,0.07465958
31,1995,Male,77,0.09420959
32,1995,Female,77,0.07933425
34,1995,Male,78,0.10207727
35,1995,Female,78,0.08554242
37,1995,Male,79,0.10928649
38,1995,Female,79,0.09062545
40,1995,Male,80,0.11862639
41,1995,Female,80,0.09807219
43,1995,Male,81,0.12722143
44,1995,Female,81,0.10471798
46,1995,Male,82,0.14060062
47,1995,Female,82,0.11713708
49,1995,Male,83,0.15293393
50,1995,Female,83,0.12819759
52,1995,Male,84,0.1673528
53,1995,Female,84,0.14124988
55,1995,Male,85,0.18044336
56,1995,Female,85,0.15366781
58,1995,Male,86,0.19559908
59,1995,Female,86,0.16721427
61,1995,Male,87,0.21060297
62,1995,Female,87,0.18055121
64,1995,Male,88,0.22702984
65,1995,Female,88,0.195678
67,1995,Male,89,0.24316846
68,1995,Female,89,0.21010529
70,1995,Male,90,0.26293446
71,1995,Female,90,0.23042365
73,1995,Male,91,0.2781528
74,1995,Female,91,0.24262338
76,1995,Male,92,0.30006421
77,1995,Female,92,0.2639925
79,1995,Male,93,0.32048877
80,1995,Female,93,0.28328877
82,1995,Male,94,0.34237521
83,1995,Female,94,0.30459189
85,1995,Male,95,0.36596967
86,1995,Female,95,0.32794117
88,1995,Male,96,0.38786133
89,1995,Female,96,0.34952708
91,1995,Male,97,0.40917346
92,1995,Female,97,0.37068277
94,1995,Male,98,0.429863
95,1995,Female,98,0.3914117
97,1995,Male,99,0.45619678
98,1995,Female,99,0.41877922
0,1995,Male,100,0.51106266
1,1995,Female,100,0.47847463
0,2005,Male,0,0.05643197
1,2005,Female,0,0.04674513
3,2005,Male,1,0.0099322
4,2005,Female,1,0.0094529
6,2005,Male,2,0.00637698
7,2005,Female,2,0.00583105
9,2005,Male,3,0.00437882
10,2005,Female,3,0.00387561
12,2005,Male,4,0.00313543
13,2005,Female,4,0.00270264
15,2005,Male,5,0.00234083
16,2005,Female,5,0.0020128
18,2005,Male,6,0.00197183
19,2005,Female,6,0.00167092
21,2005,Male,7,0.00172492
22,2005,Female,7,0.00146949
24,2005,Male,8,0.00153307
25,2005,Female,8,0.00132
27,2005,Male,9,0.00140053
28,2005,Female,9,0.00123683
30,2005,Male,10,0.00133601
31,2005,Female,10,0.00119304
33,2005,Male,11,0.0013302
34,2005,Female,11,0.00117778
36,2005,Male,12,0.00136551
37,2005,Female,12,0.0012285
39,2005,Male,13,0.00144925
40,2005,Female,13,0.00134172
42,2005,Male,14,0.00160441
43,2005,Female,14,0.00150454
45,2005,Male,15,0.00182208
46,2005,Female,15,0.00173667
48,2005,Male,16,0.00208339
49,2005,Female,16,0.00195872
51,2005,Male,17,0.00241878
52,2005,Female,17,0.00223172
54,2005,Male,18,0.00276672
55,2005,Female,18,0.00253367
57,2005,Male,19,0.00307106
58,2005,Female,19,0.00282566
60,2005,Male,20,0.0033922
61,2005,Female,20,0.00314722
63,2005,Male,21,0.00369967
64,2005,Female,21,0.00340259
66,2005,Male,22,0.00399935
67,2005,Female,22,0.00375758
69,2005,Male,23,0.00426828
70,2005,Female,23,0.00411126
72,2005,Male,24,0.00452025
73,2005,Female,24,0.00447472
75,2005,Male,25,0.00478038
76,2005,Female,25,0.00486124
78,2005,Male,26,0.0050207
79,2005,Female,26,0.00526515
81,2005,Male,27,0.00530091
82,2005,Female,27,0.00566204
84,2005,Male,28,0.00558744
85,2005,Female,28,0.00600848
87,2005,Male,29,0.00587902
88,2005,Female,29,0.00640063
90,2005,Male,30,0.00625131
91,2005,Female,30,0.00675063
93,2005,Male,31,0.00653523
94,2005,Female,31,0.00704636
96,2005,Male,32,0.00695065
97,2005,Female,32,0.00746641
99,2005,Male,33,0.00735006
0,2005,Female,33,0.00783852
2,2005,Male,34,0.0077974
3,2005,Female,34,0.00825253
5,2005,Male,35,0.00829164
6,2005,Female,35,0.00874267
8,2005,Male,36,0.00874467
9,2005,Female,36,0.00912436
11,2005,Male,37,0.00923507
12,2005,Female,37,0.00951266
14,2005,Male,38,0.00972581
15,2005,Female,38,0.00990109
17,2005,Male,39,0.01019336
18,2005,Female,39,0.01025801
20,2005,Male,40,0.01078788
21,2005,Female,40,0.01062923
23,2005,Male,41,0.0111658
24,2005,Female,41,0.01095589
26,2005,Male,42,0.0117606
27,2005,Female,42,0.01125849
29,2005,Male,43,0.01225807
30,2005,Female,43,0.01161292
32,2005,Male,44,0.01285408
33,2005,Female,44,0.01200157
35,2005,Male,45,0.01355095
36,2005,Female,45,0.01247541
38,2005,Male,46,0.01416168
39,2005,Female,46,0.01293165
41,2005,Male,47,0.01489427
42,2005,Female,47,0.01346264
44,2005,Male,48,0.01573964
45,2005,Female,48,0.0140776
47,2005,Male,49,0.01657042
48,2005,Female,49,0.01472532
50,2005,Male,50,0.01765258
51,2005,Female,50,0.01544399
53,2005,Male,51,0.01835173
54,2005,Female,51,0.01604603
56,2005,Male,52,0.0194156
57,2005,Female,52,0.01678118
59,2005,Male,53,0.0202983
60,2005,Female,53,0.01745731
62,2005,Male,54,0.02130111
63,2005,Female,54,0.0182276
65,2005,Male,55,0.02239649
66,2005,Female,55,0.0190786
68,2005,Male,56,0.02349443
69,2005,Female,56,0.02000248
71,2005,Male,57,0.02475232
72,2005,Female,57,0.02101565
74,2005,Male,58,0.02633493
75,2005,Female,58,0.02221275
77,2005,Male,59,0.02803513
78,2005,Female,59,0.02354792
80,2005,Male,60,0.03042135
81,2005,Female,60,0.0251571
83,2005,Male,61,0.03216015
84,2005,Female,61,0.02678228
86,2005,Male,62,0.03473592
87,2005,Female,62,0.028768
89,2005,Male,63,0.03712063
90,2005,Female,63,0.03089089
92,2005,Male,64,0.03972464
93,2005,Female,64,0.03325564
95,2005,Male,65,0.04256791
96,2005,Female,65,0.03592977
98,2005,Male,66,0.04455615
99,2005,Female,66,0.03771337
1,2005,Male,67,0.04696957
2,2005,Female,67,0.03977468
4,2005,Male,68,0.04973117
5,2005,Female,68,0.04211377
7,2005,Male,69,0.05261465
8,2005,Female,69,0.04459908
10,2005,Male,70,0.05669172
11,2005,Female,70,0.04783493
13,2005,Male,71,0.05961246
14,2005,Female,71,0.05039142
16,2005,Male,72,0.06439822
17,2005,Female,72,0.05420892
19,2005,Male,73,0.06866033
20,2005,Female,73,0.05765513
22,2005,Male,74,0.07348077
23,2005,Female,74,0.0615584
25,2005,Male,75,0.07876677
26,2005,Female,75,0.06576631
28,2005,Male,76,0.08420527
29,2005,Female,76,0.0698607
31,2005,Male,77,0.09002094
32,2005,Female,77,0.07406278
34,2005,Male,78,0.09734722
35,2005,Female,78,0.07962707
37,2005,Male,79,0.1041678
38,2005,Female,79,0.0842006
40,2005,Male,80,0.11302121
41,2005,Female,80,0.0910312
43,2005,Male,81,0.12150525
44,2005,Female,81,0.09750014
46,2005,Male,82,0.13431392
47,2005,Female,82,0.10937267
49,2005,Male,83,0.14627012
50,2005,Female,83,0.12005366
52,2005,Male,84,0.16017446
53,2005,Female,84,0.13262845
55,2005,Male,85,0.17301045
56,2005,Female,85,0.14466828
58,2005,Male,86,0.18789786
59,2005,Female,86,0.1580121
61,2005,Male,87,0.20267557
62,2005,Female,87,0.17097849
64,2005,Male,88,0.2187636
65,2005,Female,88,0.18569114
67,2005,Male,89,0.23482489
68,2005,Female,89,0.19994516
70,2005,Male,90,0.25417267
71,2005,Female,90,0.21964781
73,2005,Male,91,0.26979558
74,2005,Female,91,0.2318395
76,2005,Male,92,0.29152034
77,2005,Female,92,0.25284092
79,2005,Male,93,0.31197407
80,2005,Female,93,0.271978
82,2005,Male,94,0.33372755
83,2005,Female,94,0.29307705
85,2005,Male,95,0.35667832
86,2005,Female,95,0.3162342
88,2005,Male,96,0.37850555
89,2005,Female,96,0.33771123
91,2005,Male,97,0.39979367
92,2005,Female,97,0.35873495
94,2005,Male,98,0.42046323
95,2005,Female,98,0.37913063
97,2005,Male,99,0.44668046
98,2005,Female,99,0.40626894
0,2005,Male,100,0.50223463
1,2005,Female,100,0.46656106
0,2015,Male,0,0.03933254
1,2015,Female,0,0.0318657
3,2015,Male,1,0.00523068
4,2015,Female,1,0.00569964
6,2015,Male,2,0.00343638
7,2015,Female,2,0.00350674
9,2015,Male,3,0.0024018
10,2015,Female,3,0.00236025
12,2015,Male,4,0.00177447
13,2015,Female,4,0.00168744
15,2015,Male,5,0.00134601
16,2015,Female,5,0.00127813
18,2015,Male,6,0.00116074
19,2015,Female,6,0.00107013
21,2015,Male,7,0.00104678
22,2015,Female,7,0.00094816
24,2015,Male,8,0.00094709
25,2015,Female,8,0.00085559
27,2015,Male,9,0.00087702
28,2015,Female,9,0.00080443
30,2015,Male,10,0.00085311
31,2015,Female,10,0.00077853
33,2015,Male,11,0.00087482
34,2015,Female,11,0.00077223
36,2015,Male,12,0.00091394
37,2015,Female,12,0.00081037
39,2015,Male,13,0.00099122
40,2015,Female,13,0.00089472
42,2015,Male,14,0.00113209
43,2015,Female,14,0.00101335
45,2015,Male,15,0.00133512
46,2015,Female,15,0.00118498
48,2015,Male,16,0.00157638
49,2015,Female,16,0.00134925
51,2015,Male,17,0.0018832
52,2015,Female,17,0.00154226
54,2015,Male,18,0.00221221
55,2015,Female,18,0.00175117
57,2015,Male,19,0.00245763
58,2015,Female,19,0.00194592
60,2015,Male,20,0.0027112
61,2015,Female,20,0.00215211
63,2015,Male,21,0.00295815
64,2015,Female,21,0.00230536
66,2015,Male,22,0.00320899
67,2015,Female,22,0.00252555
69,2015,Male,23,0.00344539
70,2015,Female,23,0.00274642
72,2015,Male,24,0.00367252
73,2015,Female,24,0.00297516
75,2015,Male,25,0.0039213
76,2015,Female,25,0.00321549
78,2015,Male,26,0.00415235
79,2015,Female,26,0.00347795
81,2015,Male,27,0.00442723
82,2015,Female,27,0.00374186
84,2015,Male,28,0.00470598
85,2015,Female,28,0.00397578
87,2015,Male,29,0.00499522
88,2015,Female,29,0.00425544
90,2015,Male,30,0.00534686
91,2015,Female,30,0.00450642
93,2015,Male,31,0.005636
94,2015,Female,31,0.00472124
96,2015,Male,32,0.00602264
97,2015,Female,32,0.00503841
99,2015,Male,33,0.00641411
0,2015,Female,33,0.00532365
2,2015,Male,34,0.00686619
3,2015,Female,34,0.00564116
5,2015,Male,35,0.00734565
6,2015,Female,35,0.0060289
8,2015,Male,36,0.00779907
9,2015,Female,36,0.00634329
11,2015,Male,37,0.00830965
12,2015,Female,37,0.00666965
14,2015,Male,38,0.00880509
15,2015,Female,38,0.00701517
17,2015,Male,39,0.00930151
18,2015,Female,39,0.00734801
20,2015,Male,40,0.00989445
21,2015,Female,40,0.00769702
23,2015,Male,41,0.01033644
24,2015,Female,41,0.00802696
26,2015,Male,42,0.01092395
27,2015,Female,42,0.00835724
29,2015,Male,43,0.01149327
30,2015,Female,43,0.00872951
32,2015,Male,44,0.01212713
33,2015,Female,44,0.00912378
35,2015,Male,45,0.01286475
36,2015,Female,45,0.00960187
38,2015,Male,46,0.01355894
39,2015,Female,46,0.0100609
41,2015,Male,47,0.01433771
42,2015,Female,47,0.01059816
44,2015,Male,48,0.01519803
45,2015,Female,48,0.01118952
47,2015,Male,49,0.01607149
48,2015,Female,49,0.01180865
50,2015,Male,50,0.01715426
51,2015,Female,50,0.01248739
53,2015,Male,51,0.01793584
54,2015,Female,51,0.01306374
56,2015,Male,52,0.01898093
57,2015,Female,52,0.01378398
59,2015,Male,53,0.01993371
60,2015,Female,53,0.01444065
62,2015,Male,54,0.02098764
63,2015,Female,54,0.0151868
65,2015,Male,55,0.02217054
66,2015,Female,55,0.01600024
68,2015,Male,56,0.02331298
69,2015,Female,56,0.01689816
71,2015,Male,57,0.02465495
72,2015,Female,57,0.01786593
74,2015,Male,58,0.0262308
75,2015,Female,58,0.01898136
77,2015,Male,59,0.02795265
78,2015,Female,59,0.02019896
80,2015,Male,60,0.03028647
81,2015,Female,60,0.02166709
83,2015,Male,61,0.03208559
84,2015,Female,61,0.02315222
86,2015,Male,62,0.0345574
87,2015,Female,62,0.02497109
89,2015,Male,63,0.0368878
90,2015,Female,63,0.02688761
92,2015,Male,64,0.03943537
93,2015,Female,64,0.02903314
95,2015,Male,65,0.04220158
96,2015,Female,65,0.03147042
98,2015,Male,66,0.04407644
99,2015,Female,66,0.03312658
1,2015,Male,67,0.0463064
2,2015,Female,67,0.0350887
4,2015,Male,68,0.0488358
5,2015,Female,68,0.03728759
7,2015,Male,69,0.05151117
8,2015,Female,69,0.03960699
10,2015,Male,70,0.05513433
11,2015,Female,70,0.0426261
13,2015,Male,71,0.05794646
14,2015,Female,71,0.04506224
16,2015,Male,72,0.06224461
17,2015,Female,72,0.04868334
19,2015,Male,73,0.0661831
20,2015,Female,73,0.05196511
22,2015,Male,74,0.07060738
23,2015,Female,74,0.05571711
25,2015,Male,75,0.07546704
26,2015,Female,75,0.05974252
28,2015,Male,76,0.08055687
29,2015,Female,76,0.06376886
31,2015,Male,77,0.08598858
32,2015,Female,77,0.06783735
34,2015,Male,78,0.09284732
35,2015,Female,78,0.07326255
37,2015,Male,79,0.09930491
38,2015,Female,79,0.07775109
40,2015,Male,80,0.10766237
41,2015,Female,80,0.08449508
43,2015,Male,81,0.11602364
44,2015,Female,81,0.09077804
46,2015,Male,82,0.1282822
47,2015,Female,82,0.10212001
49,2015,Male,83,0.13986652
50,2015,Female,83,0.1124233
52,2015,Male,84,0.15326926
53,2015,Female,84,0.12452879
55,2015,Male,85,0.16584309
56,2015,Female,85,0.13619039
58,2015,Male,86,0.18045165
59,2015,Female,86,0.14930918
61,2015,Male,87,0.1949886
62,2015,Female,87,0.16190323
64,2015,Male,88,0.21072877
65,2015,Female,88,0.17620006
67,2015,Male,89,0.22668424
68,2015,Female,89,0.19025737
70,2015,Male,90,0.24560248
71,2015,Female,90,0.20934953
73,2015,Male,91,0.26156688
74,2015,Female,91,0.22149746
76,2015,Male,92,0.28306921
77,2015,Female,92,0.24210698
79,2015,Male,93,0.30350561
80,2015,Female,93,0.26104515
82,2015,Male,94,0.32509083
83,2015,Female,94,0.28190043
85,2015,Male,95,0.34738656
86,2015,Female,95,0.30482103
88,2015,Male,96,0.36910486
89,2015,Female,96,0.32613965
91,2015,Male,97,0.39031542
92,2015,Female,97,0.34698155
94,2015,Male,98,0.41091528
95,2015,Female,98,0.36714738
97,2015,Male,99,0.43698208
98,2015,Female,99,0.39439156
0,2015,Male,100,0.4932291
1,2015,Female,100,0.45574552
0,2025,Male,0,0.03282466
1,2025,Female,0,0.02575375
3,2025,Male,1,0.00447637
4,2025,Female,1,0.00502196
6,2025,Male,2,0.00294787
7,2025,Female,2,0.0030911
9,2025,Male,3,0.00206851
10,2025,Female,3,0.0020777
12,2025,Male,4,0.00153655
13,2025,Female,4,0.00148184
15,2025,Male,5,0.00117007
16,2025,Female,5,0.00111914
18,2025,Male,6,0.00101027
19,2025,Female,6,0.00093291
21,2025,Male,7,0.0009125
22,2025,Female,7,0.00082364
24,2025,Male,8,0.0008259
25,2025,Female,8,0.00074008
27,2025,Male,9,0.00076489
28,2025,Female,9,0.00069313
30,2025,Male,10,0.00074452
31,2025,Female,10,0.00066866
33,2025,Male,11,0.00076493
34,2025,Female,11,0.00066237
36,2025,Male,12,0.00080027
37,2025,Female,12,0.00069428
39,2025,Male,13,0.00087047
40,2025,Female,13,0.00076519
42,2025,Male,14,0.00099898
43,2025,Female,14,0.00086442
45,2025,Male,15,0.00118497
46,2025,Female,15,0.00100905
48,2025,Male,16,0.00140709
49,2025,Female,16,0.00114865
51,2025,Male,17,0.00168781
52,2025,Female,17,0.00131345
54,2025,Male,18,0.00199132
55,2025,Female,18,0.00148984
57,2025,Male,19,0.00221513
58,2025,Female,19,0.00165674
60,2025,Male,20,0.00244451
61,2025,Female,20,0.00183348
63,2025,Male,21,0.00266701
64,2025,Female,21,0.00196613
66,2025,Male,22,0.00289145
67,2025,Female,22,0.00215496
69,2025,Male,23,0.00310258
70,2025,Female,23,0.00234617
72,2025,Male,24,0.00330542
73,2025,Female,24,0.00254472
75,2025,Male,25,0.00352873
76,2025,Female,25,0.00275142
78,2025,Male,26,0.00373713
79,2025,Female,26,0.00297961
81,2025,Male,27,0.00398582
82,2025,Female,27,0.00321077
84,2025,Male,28,0.00423819
85,2025,Female,28,0.00341693
87,2025,Male,29,0.00450109
88,2025,Female,29,0.00366052
90,2025,Male,30,0.00481902
91,2025,Female,30,0.00388312
93,2025,Male,31,0.00508432
94,2025,Female,31,0.00407233
96,2025,Male,32,0.00543606
97,2025,Female,32,0.00435508
99,2025,Male,33,0.00579466
0,2025,Female,33,0.00460962
2,2025,Male,34,0.00621049
3,2025,Female,34,0.00489351
5,2025,Male,35,0.00665034
6,2025,Female,35,0.00523985
8,2025,Male,36,0.00707037
9,2025,Female,36,0.00552454
11,2025,Male,37,0.00754575
12,2025,Female,37,0.00581975
14,2025,Male,38,0.00800869
15,2025,Female,38,0.00613647
17,2025,Male,39,0.0084766
18,2025,Female,39,0.00643887
20,2025,Male,40,0.00903144
21,2025,Female,40,0.00676437
23,2025,Male,41,0.00945659
24,2025,Female,41,0.00706133
26,2025,Male,42,0.01001114
27,2025,Female,42,0.0073755
29,2025,Male,43,0.01055778
30,2025,Female,43,0.00771664
32,2025,Male,44,0.0111621
33,2025,Female,44,0.00808168
35,2025,Male,45,0.01186553
36,2025,Female,45,0.00852548
38,2025,Male,46,0.01253446
39,2025,Female,46,0.00894686
41,2025,Male,47,0.01328118
42,2025,Female,47,0.00944348
44,2025,Male,48,0.01410342
45,2025,Female,48,0.00999504
47,2025,Male,49,0.01494504
48,2025,Female,49,0.01056698
50,2025,Male,50,0.01597919
51,2025,Female,50,0.0112085
53,2025,Male,51,0.01674314
54,2025,Female,51,0.01173566
56,2025,Male,52,0.01774562
57,2025,Female,52,0.01241856
59,2025,Male,53,0.01867282
60,2025,Female,53,0.01303113
62,2025,Male,54,0.01969493
63,2025,Female,54,0.0137315
65,2025,Male,55,0.02084243
66,2025,Female,55,0.0144904
68,2025,Male,56,0.02194944
69,2025,Female,56,0.01532925
71,2025,Male,57,0.02324991
72,2025,Female,57,0.01622837
74,2025,Male,58,0.02476469
75,2025,Female,58,0.0172754
77,2025,Male,59,0.02642437
78,2025,Female,59,0.01840606
80,2025,Male,60,0.02865512
81,2025,Female,60,0.01980273
83,2025,Male,61,0.03039679
84,2025,Female,61,0.0211654
86,2025,Male,62,0.03276231
87,2025,Female,62,0.02288018
89,2025,Male,63,0.0350045
90,2025,Female,63,0.02466459
92,2025,Male,64,0.03745685
93,2025,Female,64,0.02666719
95,2025,Male,65,0.04012014
96,2025,Female,65,0.02894463
98,2025,Male,66,0.04193172
99,2025,Female,66,0.0304695
1,2025,Male,67,0.04408256
2,2025,Female,67,0.03229756
4,2025,Male,68,0.04651776
5,2025,Female,68,0.03435558
7,2025,Male,69,0.04910147
8,2025,Female,69,0.03650023
10,2025,Male,70,0.05254303
11,2025,Female,70,0.03935058
13,2025,Male,71,0.05528691
14,2025,Female,71,0.0416007
16,2025,Male,72,0.05938151
17,2025,Female,72,0.04500617
19,2025,Male,73,0.0631723
20,2025,Female,73,0.04807555
22,2025,Male,74,0.06741764
23,2025,Female,74,0.05161368
25,2025,Male,75,0.07207428
26,2025,Female,75,0.05541037
28,2025,Male,76,0.07699827
29,2025,Female,76,0.05926174
31,2025,Male,77,0.08224373
32,2025,Female,77,0.06314523
34,2025,Male,78,0.08886256
35,2025,Female,78,0.06838006
37,2025,Male,79,0.09516226
38,2025,Female,79,0.07275972
40,2025,Male,80,0.10326395
41,2025,Female,80,0.07940487
43,2025,Male,81,0.11153721
44,2025,Female,81,0.08555632
46,2025,Male,82,0.12336129
47,2025,Female,82,0.09646453
49,2025,Male,83,0.13466015
50,2025,Female,83,0.1064639
52,2025,Male,84,0.14767558
53,2025,Female,84,0.118186
55,2025,Male,85,0.16005914
56,2025,Female,85,0.1295445
58,2025,Male,86,0.17445186
59,2025,Female,86,0.14245988
61,2025,Male,87,0.18881234
62,2025,Female,87,0.15476529
64,2025,Male,88,0.20429477
65,2025,Female,88,0.16873569
67,2025,Male,89,0.22018187
68,2025,Female,89,0.18264164
70,2025,Male,90,0.23877481
71,2025,Female,90,0.20124366
73,2025,Male,91,0.25502898
74,2025,Female,91,0.2134012
76,2025,Male,92,0.27636189
77,2025,Female,92,0.23369509
79,2025,Male,93,0.29680868
80,2025,Female,93,0.25249465
82,2025,Male,94,0.31829517
83,2025,Female,94,0.27317546
85,2025,Male,95,0.34013294
86,2025,Female,95,0.29592287
88,2025,Male,96,0.36184587
89,2025,Female,96,0.31717635
91,2025,Male,97,0.38309878
92,2025,Female,97,0.33795656
94,2025,Male,98,0.40378922
95,2025,Female,98,0.35805902
97,2025,Male,99,0.42988862
98,2025,Female,99,0.38546976
0,2025,Male,100,0.50207173
1,2025,Female,100,0.44670009
0,2035,Male,0,0.02916021
1,2035,Female,0,0.02164087
3,2035,Male,1,0.00403082
4,2035,Female,1,0.0041243
6,2035,Male,2,0.00273161
7,2035,Female,2,0.00259916
9,2035,Male,3,0.00195963
10,2035,Female,3,0.00177495
12,2035,Male,4,0.00147596
13,2035,Female,4,0.00127884
15,2035,Male,5,0.00113581
16,2035,Female,5,0.00097032
18,2035,Male,6,0.00096864
19,2035,Female,6,0.00080402
21,2035,Male,7,0.00085958
22,2035,Female,7,0.00070326
24,2035,Male,8,0.0007677
25,2035,Female,8,0.00062808
27,2035,Male,9,0.00070285
28,2035,Female,9,0.00058474
30,2035,Male,10,0.00067578
31,2035,Female,10,0.00056169
33,2035,Male,11,0.00068619
34,2035,Female,11,0.00055531
36,2035,Male,12,0.00071332
37,2035,Female,12,0.00057951
39,2035,Male,13,0.0007726
40,2035,Female,13,0.00063463
42,2035,Male,14,0.00088209
43,2035,Female,14,0.00071256
45,2035,Male,15,0.00104112
46,2035,Female,15,0.00082554
48,2035,Male,16,0.00123302
49,2035,Female,16,0.00093675
51,2035,Male,17,0.00147344
52,2035,Female,17,0.00106726
54,2035,Male,18,0.00173268
55,2035,Female,18,0.00120657
57,2035,Male,19,0.00192836
58,2035,Female,19,0.00133863
60,2035,Male,20,0.00212535
61,2035,Female,20,0.00147755
63,2035,Male,21,0.00231467
64,2035,Female,21,0.00158508
66,2035,Male,22,0.00250188
67,2035,Female,22,0.00173435
69,2035,Male,23,0.00267568
70,2035,Female,23,0.00188586
72,2035,Male,24,0.00284117
73,2035,Female,24,0.00204346
75,2035,Male,25,0.00302237
76,2035,Female,25,0.00220793
78,2035,Male,26,0.00319533
79,2035,Female,26,0.00239204
81,2035,Male,27,0.00340244
82,2035,Female,27,0.00257964
84,2035,Male,28,0.00361516
85,2035,Female,28,0.00274943
87,2035,Male,29,0.00383902
88,2035,Female,29,0.00294856
90,2035,Male,30,0.00410921
91,2035,Female,30,0.00313264
93,2035,Male,31,0.00434211
94,2035,Female,31,0.00329523
96,2035,Male,32,0.00464609
97,2035,Female,32,0.00353101
99,2035,Male,33,0.00495712
0,2035,Female,33,0.00374702
2,2035,Male,34,0.00531666
3,2035,Female,34,0.00398842
5,2035,Male,35,0.00569894
6,2035,Female,35,0.00428231
8,2035,Male,36,0.00607196
9,2035,Female,36,0.0045353
11,2035,Male,37,0.00649609
12,2035,Female,37,0.00480217
14,2035,Male,38,0.00691618
15,2035,Female,38,0.00509193
17,2035,Male,39,0.00734642
18,2035,Female,39,0.00537592
20,2035,Male,40,0.00785433
21,2035,Female,40,0.00568285
23,2035,Male,41,0.00825815
24,2035,Female,41,0.00596955
26,2035,Male,42,0.00877323
27,2035,Female,42,0.00627105
29,2035,Male,43,0.00928434
30,2035,Female,43,0.00659447
32,2035,Male,44,0.00984795
33,2035,Female,44,0.00693832
35,2035,Male,45,0.01050196
36,2035,Female,45,0.00735035
38,2035,Male,46,0.01113175
39,2035,Female,46,0.00774649
41,2035,Male,47,0.01183962
42,2035,Female,47,0.00821418
44,2035,Male,48,0.01262589
45,2035,Female,48,0.00873894
47,2035,Male,49,0.01344305
48,2035,Female,49,0.00929291
50,2035,Male,50,0.01443999
51,2035,Female,50,0.00991706
53,2035,Male,51,0.01520181
54,2035,Female,51,0.01044401
56,2035,Male,52,0.01617502
57,2035,Female,52,0.01110809
59,2035,Male,53,0.01708266
60,2035,Female,53,0.01171351
62,2035,Male,54,0.01807361
63,2035,Female,54,0.01239563
65,2035,Male,55,0.01917896
66,2035,Female,55,0.01313222
68,2035,Male,56,0.02024351
69,2035,Female,56,0.01393316
71,2035,Male,57,0.02149448
72,2035,Female,57,0.01479872
74,2035,Male,58,0.02295687
75,2035,Female,58,0.01581025
77,2035,Male,59,0.02457344
78,2035,Female,59,0.01691524
80,2035,Male,60,0.02672711
81,2035,Female,60,0.01827649
83,2035,Male,61,0.02844881
84,2035,Female,61,0.01961182
86,2035,Male,62,0.03074816
87,2035,Female,62,0.02127659
89,2035,Male,63,0.03295169
90,2035,Female,63,0.02301942
92,2035,Male,64,0.03535662
93,2035,Female,64,0.02497191
95,2035,Male,65,0.03796555
96,2035,Female,65,0.02718722
98,2035,Male,66,0.03980174
99,2035,Female,66,0.0287309
1,2035,Male,67,0.04196371
2,2035,Female,67,0.03056705
4,2035,Male,68,0.04440884
5,2035,Female,68,0.03263588
7,2035,Male,69,0.04701975
8,2035,Female,69,0.0348129
10,2035,Male,70,0.05044524
11,2035,Female,70,0.03765833
13,2035,Male,71,0.05325836
14,2035,Female,71,0.03998008
16,2035,Male,72,0.05733739
17,2035,Female,72,0.04337509
19,2035,Male,73,0.06117894
20,2035,Female,73,0.04649806
22,2035,Male,74,0.06547502
23,2035,Female,74,0.05007835
25,2035,Male,75,0.07018983
26,2035,Female,75,0.05393292
28,2035,Male,76,0.07518323
29,2035,Female,76,0.05787249
31,2035,Male,77,0.08052123
32,2035,Female,77,0.06189821
34,2035,Male,78,0.08717244
35,2035,Female,78,0.06721963
37,2035,Male,79,0.0935956
38,2035,Female,79,0.07183629
40,2035,Male,80,0.10174063
41,2035,Female,80,0.0785917
43,2035,Male,81,0.11011005
44,2035,Female,81,0.08495634
46,2035,Male,82,0.12182283000000001
47,2035,Female,82,0.09572621
49,2035,Male,83,0.13314783
50,2035,Female,83,0.1057292
52,2035,Male,84,0.14614907
53,2035,Female,84,0.11736764
55,2035,Male,85,0.15867267
56,2035,Female,85,0.12874265
58,2035,Male,86,0.17313346
59,2035,Female,86,0.14160756
61,2035,Male,87,0.18766701
62,2035,Female,87,0.15400576
64,2035,Male,88,0.20333359
65,2035,Female,88,0.16803571
67,2035,Male,89,0.21946967
68,2035,Female,89,0.18211607
70,2035,Male,90,0.23819233
71,2035,Female,90,0.20061971
73,2035,Male,91,0.25482752
74,2035,Female,91,0.21328174
76,2035,Male,92,0.27622769
77,2035,Female,92,0.23351023
79,2035,Male,93,0.29688605
80,2035,Female,93,0.25244284
82,2035,Male,94,0.31857684000000003
83,2035,Female,94,0.27317893
85,2035,Male,95,0.34066286
86,2035,Female,95,0.29589162
88,2035,Male,96,0.36277687
89,2035,Female,96,0.31738737
91,2035,Male,97,0.38453579
92,2035,Female,97,0.33852971
94,2035,Male,98,0.40583438
95,2035,Female,98,0.35912621
97,2035,Male,99,0.43219184
98,2035,Female,99,0.3865575
0,2035,Male,100,0.50391482
1,2035,Female,100,0.44780608
0,2045,Male,0,0.02647071
1,2045,Female,0,0.01851464
3,2045,Male,1,0.00363217
4,2045,Female,1,0.00336022
6,2045,Male,2,0.00252668
7,2045,Female,2,0.00216005
9,2045,Male,3,0.00184989
10,2045,Female,3,0.00149393
12,2045,Male,4,0.00141219
13,2045,Female,4,0.00108506
15,2045,Male,5,0.00109818
16,2045,Female,5,0.0008266
18,2045,Male,6,0.00092912
19,2045,Female,6,0.00068226
21,2045,Male,7,0.00081372
22,2045,Female,7,0.00059317
24,2045,Male,8,0.00071919
25,2045,Female,8,0.00052823
27,2045,Male,9,0.00065231
28,2045,Female,9,0.00049056
30,2045,Male,10,0.00062087
31,2045,Female,10,0.00047083
33,2045,Male,11,0.00062438
34,2045,Female,11,0.00046605
36,2045,Male,12,0.00064619
37,2045,Female,12,0.00048576
39,2045,Male,13,0.00069848
40,2045,Female,13,0.00053007
42,2045,Male,14,0.00079535
43,2045,Female,14,0.00059291
45,2045,Male,15,0.00093636
46,2045,Female,15,0.00068293
48,2045,Male,16,0.00110815
49,2045,Female,16,0.00077337
51,2045,Male,17,0.00132082
52,2045,Female,17,0.00087864
54,2045,Male,18,0.00154878
55,2045,Female,18,0.00099053
57,2045,Male,19,0.00172446
58,2045,Female,19,0.00109673
60,2045,Male,20,0.0018969
61,2045,Female,20,0.00120739
63,2045,Male,21,0.00205957
64,2045,Female,21,0.0012956
66,2045,Male,22,0.0022163
67,2045,Female,22,0.00141432
69,2045,Male,23,0.00235939
70,2045,Female,23,0.00153481
72,2045,Male,24,0.00249428
73,2045,Female,24,0.0016601
75,2045,Male,25,0.00264143
76,2045,Female,25,0.00179094
78,2045,Male,26,0.00278508
79,2045,Female,26,0.00193897
81,2045,Male,27,0.00295806
82,2045,Female,27,0.00209048
84,2045,Male,28,0.00313799
85,2045,Female,28,0.00222937
87,2045,Male,29,0.00332928
88,2045,Female,29,0.002391
90,2045,Male,30,0.00355963
91,2045,Female,30,0.00254179
93,2045,Male,31,0.00376365
94,2045,Female,31,0.00267921
96,2045,Male,32,0.004026
97,2045,Female,32,0.00287347
99,2045,Male,33,0.00429496
0,2045,Female,33,0.00305419
2,2045,Male,34,0.00460497
3,2045,Female,34,0.00325686
5,2045,Male,35,0.00493625
6,2045,Female,35,0.00350383
8,2045,Male,36,0.005266
9,2045,Female,36,0.0037258
11,2045,Male,37,0.00564319
12,2045,Female,37,0.00396439
14,2045,Male,38,0.00602297
15,2045,Female,38,0.00422717
17,2045,Male,39,0.00641694
18,2045,Female,39,0.00449137
20,2045,Male,40,0.00688051
21,2045,Female,40,0.00477856
23,2045,Male,41,0.00726072
24,2045,Female,41,0.00505225
26,2045,Male,42,0.0077364
27,2045,Female,42,0.0053384
29,2045,Male,43,0.00821069
30,2045,Female,43,0.00564149
32,2045,Male,44,0.00873248
33,2045,Female,44,0.00596127
35,2045,Male,45,0.00933683
36,2045,Female,45,0.00633951
38,2045,Male,46,0.00992624
39,2045,Female,46,0.00670753
41,2045,Male,47,0.01059414
42,2045,Female,47,0.00714382
44,2045,Male,48,0.0113432
45,2045,Female,48,0.00763899
47,2045,Male,49,0.01213347
48,2045,Female,49,0.00817114
50,2045,Male,50,0.01309245
51,2045,Female,50,0.008774
53,2045,Male,51,0.01384813
54,2045,Female,51,0.00929574
56,2045,Male,52,0.01479025
57,2045,Female,52,0.00993739
59,2045,Male,53,0.01567349
60,2045,Female,53,0.01052919
62,2045,Male,54,0.01662768
63,2045,Female,54,0.01118616
65,2045,Male,55,0.01768468
66,2045,Female,55,0.01189244
68,2045,Male,56,0.01870186
69,2045,Female,56,0.01265001
71,2045,Male,57,0.0198989
72,2045,Female,57,0.01347567
74,2045,Male,58,0.02130495
75,2045,Female,58,0.01444541
77,2045,Male,59,0.02287406
78,2045,Female,59,0.01551764
80,2045,Male,60,0.02494972
81,2045,Female,60,0.01683734
83,2045,Male,61,0.02664899
84,2045,Female,61,0.01814094
86,2045,Male,62,0.0288835
87,2045,Female,62,0.01975288
89,2045,Male,63,0.03104661
90,2045,Female,63,0.02144986
92,2045,Male,64,0.03340145
93,2045,Female,64,0.02334734
95,2045,Male,65,0.0359518
96,2045,Female,65,0.02549488
98,2045,Male,66,0.03780398
99,2045,Female,66,0.02704734
1,2045,Male,67,0.0399679
2,2045,Female,67,0.02888145
4,2045,Male,68,0.04241248
5,2045,Female,68,0.03095015
7,2045,Male,69,0.04503795
8,2045,Female,69,0.03314691
10,2045,Male,70,0.04843677
11,2045,Female,70,0.03597696
13,2045,Male,71,0.05130584
14,2045,Female,71,0.03835766
16,2045,Male,72,0.05536166
17,2045,Female,72,0.04173467
19,2045,Male,73,0.05924331
20,2045,Female,73,0.04490049
22,2045,Male,74,0.06358047
23,2045,Female,74,0.04851322
25,2045,Male,75,0.06834395
26,2045,Female,75,0.05241541
28,2045,Male,76,0.07339886
29,2045,Female,76,0.0564335
31,2045,Male,77,0.0788197
32,2045,Female,77,0.06058987
34,2045,Male,78,0.08549518
35,2045,Female,78,0.06598992
37,2045,Male,79,0.09202768
38,2045,Female,79,0.07082999
40,2045,Male,80,0.1002042
41,2045,Female,80,0.07768938
43,2045,Male,81,0.10865695
44,2045,Female,81,0.0842598
46,2045,Male,82,0.12025537
47,2045,Female,82,0.09490045
49,2045,Male,83,0.13159884
50,2045,Female,83,0.10491161
52,2045,Male,84,0.14458208
53,2045,Female,84,0.11647569
55,2045,Male,85,0.1572378
56,2045,Female,85,0.12787425
58,2045,Male,86,0.17176599
59,2045,Female,86,0.14070256
61,2045,Male,87,0.18646949
62,2045,Female,87,0.1532056
64,2045,Male,88,0.20231771
65,2045,Female,88,0.16731268
67,2045,Male,89,0.21869916
68,2045,Female,89,0.18158584
70,2045,Male,90,0.2375537
71,2045,Female,90,0.2000231
73,2045,Male,91,0.25456939
74,2045,Female,91,0.21320895
76,2045,Male,92,0.27605064
77,2045,Female,92,0.23341271
79,2045,Male,93,0.29693388
80,2045,Female,93,0.25251584
82,2045,Male,94,0.3188462
83,2045,Female,94,0.2733496
85,2045,Male,95,0.34119865
86,2045,Female,95,0.29607568
88,2045,Male,96,0.36371512
89,2045,Female,96,0.31784724
91,2045,Male,97,0.3859768
92,2045,Female,97,0.33938517
94,2045,Male,98,0.40787547
95,2045,Female,98,0.36050838
97,2045,Male,99,0.43448941
98,2045,Female,99,0.3880025
0,2045,Male,100,0.50583681
1,2045,Female,100,0.4493607
0,2055,Male,0,0.02392551
1,2055,Female,0,0.01568722
3,2055,Male,1,0.00322802
4,2055,Female,1,0.0026866
6,2055,Male,2,0.00230762
7,2055,Female,2,0.00176593
9,2055,Male,3,0.00172637
10,2055,Female,3,0.00123957
12,2055,Male,4,0.00133837
13,2055,Female,4,0.00090974
15,2055,Male,5,0.00105395
16,2055,Female,5,0.00069796
18,2055,Male,6,0.00088883
19,2055,Female,6,0.00057588
21,2055,Male,7,0.00077219
22,2055,Female,7,0.00049986
24,2055,Male,8,0.00067819
25,2055,Female,8,0.00044583
27,2055,Male,9,0.00061162
28,2055,Female,9,0.00041502
30,2055,Male,10,0.00057838
31,2055,Female,10,0.00039995
33,2055,Male,11,0.00057795
34,2055,Female,11,0.00039797
36,2055,Male,12,0.00059725
37,2055,Female,12,0.00041603
39,2055,Male,13,0.00064631
40,2055,Female,13,0.00045421
42,2055,Male,14,0.00073654
43,2055,Female,14,0.000508
45,2055,Male,15,0.00086798
46,2055,Female,15,0.00058373
48,2055,Male,16,0.00102907
49,2055,Female,16,0.00066098
51,2055,Male,17,0.00122594
52,2055,Female,17,0.00075012
54,2055,Male,18,0.00143542
55,2055,Female,18,0.00084454
57,2055,Male,19,0.00159997
58,2055,Female,19,0.00093448
60,2055,Male,20,0.00175682
61,2055,Female,20,0.00102734
63,2055,Male,21,0.00190023
64,2055,Female,21,0.00110279
66,2055,Male,22,0.00203416
67,2055,Female,22,0.00120093
69,2055,Male,23,0.00215413
70,2055,Female,23,0.00130033
72,2055,Male,24,0.00226608
73,2055,Female,24,0.00140347
75,2055,Male,25,0.00238805
76,2055,Female,25,0.00151106
78,2055,Male,26,0.00250916
79,2055,Female,26,0.00163291
81,2055,Male,27,0.00265613
82,2055,Female,27,0.00175793
84,2055,Male,28,0.002811
85,2055,Female,28,0.00187363
87,2055,Male,29,0.00297723
88,2055,Female,29,0.00200721
90,2055,Male,30,0.00317689
91,2055,Female,30,0.00213261
93,2055,Male,31,0.00335699
94,2055,Female,31,0.00224903
96,2055,Male,32,0.00358539
97,2055,Female,32,0.0024104
99,2055,Male,33,0.00381954
0,2055,Female,33,0.00256227
2,2055,Male,34,0.00408858
3,2055,Female,34,0.00273333
5,2055,Male,35,0.0043774
6,2055,Female,35,0.00294255
8,2055,Male,36,0.00466933
9,2055,Female,36,0.00313713
11,2055,Male,37,0.00500558
12,2055,Female,37,0.00335018
14,2055,Male,38,0.00534922
15,2055,Female,38,0.00358831
17,2055,Male,39,0.00570983
18,2055,Female,39,0.00383305
20,2055,Male,40,0.0061332
21,2055,Female,40,0.00410078
23,2055,Male,41,0.00648813
24,2055,Female,41,0.00435916
26,2055,Male,42,0.00692512
27,2055,Female,42,0.00462744
29,2055,Male,43,0.00736173
30,2055,Female,43,0.00490806
32,2055,Male,44,0.00784082
33,2055,Female,44,0.00520117
35,2055,Male,45,0.00839519
36,2055,Female,45,0.00554412
38,2055,Male,46,0.00894152
39,2055,Female,46,0.00588043
41,2055,Male,47,0.00956624
42,2055,Female,47,0.00628136
44,2055,Male,48,0.010274
45,2055,Female,48,0.00674209
47,2055,Male,49,0.01103122
48,2055,Female,49,0.00724508
50,2055,Male,50,0.01194681
51,2055,Female,50,0.00781833
53,2055,Male,51,0.01268643
54,2055,Female,51,0.00832401
56,2055,Male,52,0.01358884
57,2055,Female,52,0.00893295
59,2055,Male,53,0.01443545
60,2055,Female,53,0.00949773
62,2055,Male,54,0.01533896
63,2055,Female,54,0.01011475
65,2055,Male,55,0.01633177
66,2055,Female,55,0.01077413
68,2055,Male,56,0.01728664
69,2055,Female,56,0.01147429
71,2055,Male,57,0.01841332
72,2055,Female,57,0.01224305
74,2055,Male,58,0.01974465
75,2055,Female,58,0.01315211
77,2055,Male,59,0.02124503
78,2055,Female,59,0.01416886
80,2055,Male,60,0.02322018
81,2055,Female,60,0.01542165
83,2055,Male,61,0.02487562
84,2055,Female,61,0.0166708
86,2055,Male,62,0.02702306
87,2055,Female,62,0.01820453
89,2055,Male,63,0.02911957
90,2055,Female,63,0.01982656
92,2055,Male,64,0.03139476
93,2055,Female,64,0.02163548
95,2055,Male,65,0.03385259
96,2055,Female,65,0.02367662
98,2055,Male,66,0.03569089
99,2055,Female,66,0.02520331
1,2055,Male,67,0.03782302
2,2055,Female,67,0.02699623
4,2055,Male,68,0.04022863
5,2055,Female,68,0.02902081
7,2055,Male,69,0.0428252
8,2055,Female,69,0.03118782
10,2055,Male,70,0.0461471
11,2055,Female,70,0.03394506
13,2055,Male,71,0.04902883
14,2055,Female,71,0.03633507
16,2055,Male,72,0.05301122
17,2055,Female,72,0.03963509
19,2055,Male,73,0.05688081
20,2055,Female,73,0.0427825
22,2055,Male,74,0.06120262
23,2055,Female,74,0.04635974
25,2055,Male,75,0.06595344
26,2055,Female,75,0.0502348
28,2055,Male,76,0.07101505
29,2055,Female,76,0.05426431
31,2055,Male,77,0.07645871
32,2055,Female,77,0.0584795
34,2055,Male,78,0.08308657
35,2055,Female,78,0.06387156
37,2055,Male,79,0.08965239
38,2055,Female,79,0.06885029
40,2055,Male,80,0.09776829
41,2055,Female,80,0.07570452
43,2055,Male,81,0.10622113
44,2055,Female,81,0.08238896
46,2055,Male,82,0.11759804
47,2055,Female,82,0.09276556
49,2055,Male,83,0.12885355
50,2055,Female,83,0.10265562
52,2055,Male,84,0.14170029
53,2055,Female,84,0.11399991
55,2055,Male,85,0.1543721
56,2055,Female,85,0.1252761
58,2055,Male,86,0.16885928
59,2055,Female,86,0.13793156
61,2055,Male,87,0.18362625
62,2055,Female,87,0.15041156
64,2055,Male,88,0.19954411
65,2055,Female,88,0.16445496
67,2055,Male,89,0.21605816
68,2055,Female,89,0.17878667
70,2055,Male,90,0.23491706
71,2055,Female,90,0.19698463
73,2055,Male,91,0.25222685
74,2055,Female,91,0.21061522
76,2055,Male,92,0.27367901
77,2055,Female,92,0.23065596
79,2055,Male,93,0.29469078
80,2055,Female,93,0.24981642
82,2055,Male,94,0.31673099
83,2055,Female,94,0.27063285
85,2055,Male,95,0.33926309
86,2055,Female,95,0.29325081
88,2055,Male,96,0.36216861
89,2055,Female,96,0.31528141
91,2055,Male,97,0.38493869000000003
92,2055,Female,97,0.33722603
94,2055,Male,98,0.4074621
95,2055,Female,98,0.35891556
97,2055,Male,99,0.43434873
98,2055,Female,99,0.38649347
0,2055,Male,100,0.50509686
1,2055,Female,100,0.44775166
0,2065,Male,0,0.0216766
1,2065,Female,0,0.01336893
3,2065,Male,1,0.00279265
4,2065,Female,1,0.00208507
6,2065,Male,2,0.00205017
7,2065,Female,2,0.00139752
9,2065,Male,3,0.00156711
10,2065,Female,3,0.00099345
12,2065,Male,4,0.00123471
13,2065,Female,4,0.0007358
15,2065,Male,5,0.0009855
16,2065,Female,5,0.00056846
18,2065,Male,6,0.00083137
19,2065,Female,6,0.00046982
21,2065,Male,7,0.00071913
22,2065,Female,7,0.0004084
24,2065,Male,8,0.00062932
25,2065,Female,8,0.00036602
27,2065,Male,9,0.00056558
28,2065,Female,9,0.00034281
30,2065,Male,10,0.00053262
31,2065,Female,10,0.00033294
33,2065,Male,11,0.0005301
34,2065,Female,11,0.00033421
36,2065,Male,12,0.0005482
37,2065,Female,12,0.00035164
39,2065,Male,13,0.00059536
40,2065,Female,13,0.00038536
42,2065,Male,14,0.00068097
43,2065,Female,14,0.00043215
45,2065,Male,15,0.00080563
46,2065,Female,15,0.00049657
48,2065,Male,16,0.00095927
49,2065,Female,16,0.00056319
51,2065,Male,17,0.00114447
52,2065,Female,17,0.00063934
54,2065,Male,18,0.00133964
55,2065,Female,18,0.00071972
57,2065,Male,19,0.00149513
58,2065,Female,19,0.00079664
60,2065,Male,20,0.00163825
61,2065,Female,20,0.00087527
63,2065,Male,21,0.00176397
64,2065,Female,21,0.00094027
66,2065,Male,22,0.00187705
67,2065,Female,22,0.00102172
69,2065,Male,23,0.0019761
70,2065,Female,23,0.00110387
72,2065,Male,24,0.00206771
73,2065,Female,24,0.00118873
75,2065,Male,25,0.00216785
76,2065,Female,25,0.001277
78,2065,Male,26,0.00226927
79,2065,Female,26,0.00137668
81,2065,Male,27,0.0023936
82,2065,Female,27,0.00147907
84,2065,Male,28,0.00252649
85,2065,Female,28,0.00157464
87,2065,Male,29,0.00267049
88,2065,Female,29,0.00168403
90,2065,Male,30,0.00284282
91,2065,Female,30,0.00178728
93,2065,Male,31,0.0030007
94,2065,Female,31,0.00188455
96,2065,Male,32,0.00319799
97,2065,Female,32,0.00201698
99,2065,Male,33,0.00339997
0,2065,Female,33,0.00214304
2,2065,Male,34,0.0036313
3,2065,Female,34,0.00228581
5,2065,Male,35,0.00388085
6,2065,Female,35,0.0024615
8,2065,Male,36,0.00413703
9,2065,Female,36,0.00263048
11,2065,Male,37,0.00443454
12,2065,Female,37,0.00281913
14,2065,Male,38,0.00474336
15,2065,Female,38,0.00303345
17,2065,Male,39,0.00507133
18,2065,Female,39,0.00325851
20,2065,Male,40,0.00545572
21,2065,Female,40,0.00350658
23,2065,Male,41,0.00578456
24,2065,Female,41,0.00374882
26,2065,Male,42,0.00618324
27,2065,Female,42,0.00399866
29,2065,Male,43,0.00658209
30,2065,Female,43,0.00425689
32,2065,Male,44,0.00701862
33,2065,Female,44,0.00452347
35,2065,Male,45,0.00752356
36,2065,Female,45,0.0048321
38,2065,Male,46,0.00802684
39,2065,Female,46,0.00513713
41,2065,Male,47,0.00860827
42,2065,Female,47,0.00550284
44,2065,Male,48,0.00927438
45,2065,Female,48,0.00592884
47,2065,Male,49,0.00999749
48,2065,Female,49,0.00640096
50,2065,Male,50,0.01086939
51,2065,Female,50,0.00694261
53,2065,Male,51,0.01159118
54,2065,Female,51,0.00742937
56,2065,Male,52,0.01245326
57,2065,Female,52,0.00800358
59,2065,Male,53,0.01326127
60,2065,Female,53,0.00853824
62,2065,Male,54,0.01411166
63,2065,Female,54,0.00911209
65,2065,Male,55,0.01503733
66,2065,Female,55,0.00972104
68,2065,Male,56,0.01592716
69,2065,Female,56,0.010362
71,2065,Male,57,0.01698047
72,2065,Female,57,0.01107068
74,2065,Male,58,0.01823377
75,2065,Female,58,0.01191563
77,2065,Male,59,0.01966139
78,2065,Female,59,0.01287175
80,2065,Male,60,0.02153331
81,2065,Female,60,0.01405246
83,2065,Male,61,0.02314117
84,2065,Female,61,0.01524244
86,2065,Male,62,0.02519988
87,2065,Female,62,0.01669381
89,2065,Male,63,0.02722695
90,2065,Female,63,0.01823602
92,2065,Male,64,0.02941957
93,2065,Female,64,0.01995107
95,2065,Male,65,0.03178129
96,2065,Female,65,0.02188018
98,2065,Male,66,0.03359935
99,2065,Female,66,0.02337149
1,2065,Male,67,0.03569232
2,2065,Female,67,0.02511277
4,2065,Male,68,0.03804982
5,2065,Female,68,0.02708154
7,2065,Male,69,0.04060603
8,2065,Female,69,0.0292045
10,2065,Male,70,0.04383937
11,2065,Female,70,0.03187496
13,2065,Male,71,0.04671952
14,2065,Female,71,0.0342567
16,2065,Male,72,0.05061671
17,2065,Female,72,0.03746511
19,2065,Male,73,0.05446107
20,2065,Female,73,0.0405762
22,2065,Male,74,0.05875529
23,2065,Female,74,0.04410015
25,2065,Male,75,0.06348163
26,2065,Female,75,0.04792856
28,2065,Male,76,0.06853843
29,2065,Female,76,0.051949
31,2065,Male,77,0.07399184
32,2065,Female,77,0.05619891
34,2065,Male,78,0.08055823
35,2065,Female,78,0.06155987
37,2065,Male,79,0.08713885
38,2065,Female,79,0.06664746
40,2065,Male,80,0.09517443
41,2065,Female,80,0.07346937
43,2065,Male,81,0.10360557
44,2065,Female,81,0.08023837
46,2065,Male,82,0.11474189
47,2065,Female,82,0.09033277
49,2065,Male,83,0.12588758
50,2065,Female,83,0.10007834
52,2065,Male,84,0.13857717
53,2065,Female,84,0.11118275
55,2065,Male,85,0.15124281
56,2065,Female,85,0.12231154
58,2065,Male,86,0.16567074
59,2065,Female,86,0.13477395
61,2065,Male,87,0.1804821
62,2065,Female,87,0.1472075
64,2065,Male,88,0.1964505
65,2065,Female,88,0.16116485
67,2065,Male,89,0.21307735
68,2065,Female,89,0.17553357
70,2065,Male,90,0.23192215
71,2065,Female,90,0.19347802
73,2065,Male,91,0.24950941
74,2065,Female,91,0.2075357
76,2065,Male,92,0.27092054
77,2065,Female,92,0.22741379
79,2065,Male,93,0.29204987
80,2065,Female,93,0.24663227
82,2065,Male,94,0.31420953
83,2065,Female,94,0.26743937
85,2065,Male,95,0.33691484
86,2065,Female,95,0.28996026
88,2065,Male,96,0.36019902
89,2065,Female,96,0.31225038
91,2065,Male,97,0.3834683
92,2065,Female,97,0.33460334
94,2065,Male,98,0.40660838
95,2065,Female,98,0.35686196
97,2065,Male,99,0.43376172
98,2065,Female,99,0.38453919
0,2065,Male,100,0.50392964
1,2065,Female,100,0.44590827
0,2075,Male,0,0.01967636
1,2075,Female,0,0.01180444
3,2075,Male,1,0.00234986
4,2075,Female,1,0.00169204
6,2075,Male,2,0.00177006
7,2075,Female,2,0.00116354
9,2075,Male,3,0.0013817
10,2075,Female,3,0.00084042
12,2075,Male,4,0.00110655
13,2075,Female,4,0.00062916
15,2075,Male,5,0.00089565
16,2075,Female,5,0.00048945
18,2075,Male,6,0.00075795
19,2075,Female,6,0.00040421
21,2075,Male,7,0.00065498
22,2075,Female,7,0.00035056
24,2075,Male,8,0.00057282
25,2075,Female,8,0.0003145
27,2075,Male,9,0.00051438
28,2075,Female,9,0.00029507
30,2075,Male,10,0.00048358
31,2075,Female,10,0.00028757
33,2075,Male,11,0.00048043
34,2075,Female,11,0.00029001
36,2075,Male,12,0.00049799
37,2075,Female,12,0.00030578
39,2075,Male,13,0.00054345
40,2075,Female,13,0.00033495
42,2075,Male,14,0.00062458
43,2075,Female,14,0.00037521
45,2075,Male,15,0.00074252
46,2075,Female,15,0.00042963
48,2075,Male,16,0.00088859
49,2075,Female,16,0.00048678
51,2075,Male,17,0.00106236
52,2075,Female,17,0.0005515
54,2075,Male,18,0.00124364
55,2075,Female,18,0.00061953
57,2075,Male,19,0.00138969
58,2075,Female,19,0.00068483
60,2075,Male,20,0.00151933
61,2075,Female,20,0.00075089
63,2075,Male,21,0.00162828
64,2075,Female,21,0.00080642
66,2075,Male,22,0.00172197
67,2075,Female,22,0.0008734
69,2075,Male,23,0.00180174
70,2075,Female,23,0.00094064
72,2075,Male,24,0.00187465
73,2075,Female,24,0.00100976
75,2075,Male,25,0.00195484
76,2075,Female,25,0.00108143
78,2075,Male,26,0.00203802
79,2075,Female,26,0.001162
81,2075,Male,27,0.00214141
82,2075,Female,27,0.00124483
84,2075,Male,28,0.00225382
85,2075,Female,28,0.00132281
87,2075,Male,29,0.00237701
88,2075,Female,29,0.00141121
90,2075,Male,30,0.00252396
91,2075,Female,30,0.00149508
93,2075,Male,31,0.00266082
94,2075,Female,31,0.00157525
96,2075,Male,32,0.00282919
97,2075,Female,32,0.0016823
99,2075,Male,33,0.00300133
0,2075,Female,33,0.00178542
2,2075,Male,34,0.00319773
3,2075,Female,34,0.0019029
5,2075,Male,35,0.00341068
6,2075,Female,35,0.00204833
8,2075,Male,36,0.00363286
9,2075,Female,36,0.00219302
11,2075,Male,37,0.00389311
12,2075,Female,37,0.00235766
14,2075,Male,38,0.00416764
15,2075,Female,38,0.00254749
17,2075,Male,39,0.00446282
18,2075,Female,39,0.00275075
20,2075,Male,40,0.00480837
21,2075,Female,40,0.00297615
23,2075,Male,41,0.00511028
24,2075,Female,41,0.0031984
26,2075,Male,42,0.00547117
27,2075,Female,42,0.00342643
29,2075,Male,43,0.0058332
30,2075,Female,43,0.00365963
32,2075,Male,44,0.00622881
33,2075,Female,44,0.00389828
35,2075,Male,45,0.00668652
36,2075,Female,45,0.00417208
38,2075,Male,46,0.00714858
39,2075,Female,46,0.00444503
41,2075,Male,47,0.00768799
42,2075,Female,47,0.00477445
44,2075,Male,48,0.00831282
45,2075,Female,48,0.00516289
47,2075,Male,49,0.00900084
48,2075,Female,49,0.00559962
50,2075,Male,50,0.00982784
51,2075,Female,50,0.00610339
53,2075,Male,51,0.01052904
54,2075,Female,51,0.00656343
56,2075,Male,52,0.01134891
57,2075,Female,52,0.00709665
59,2075,Male,53,0.01211595
60,2075,Female,53,0.00759457
62,2075,Male,54,0.01291145
63,2075,Female,54,0.00812103
65,2075,Male,55,0.01376869
66,2075,Female,55,0.00867612
68,2075,Male,56,0.01459275
69,2075,Female,56,0.00925551
71,2075,Male,57,0.01557207
72,2075,Female,57,0.00990095
74,2075,Male,58,0.01674658
75,2075,Female,58,0.01067609
77,2075,Male,59,0.01810001
78,2075,Female,59,0.0115631
80,2075,Male,60,0.01986841
81,2075,Female,60,0.01266061
83,2075,Male,61,0.02142658
84,2075,Female,61,0.01377734
86,2075,Male,62,0.02339629
87,2075,Female,62,0.01513202
89,2075,Male,63,0.02535255
90,2075,Female,63,0.01657787
92,2075,Male,64,0.02746134
93,2075,Female,64,0.01818269
95,2075,Male,65,0.02972546
96,2075,Female,65,0.01998332
98,2075,Male,66,0.03151832
99,2075,Female,66,0.02141711
1,2075,Male,67,0.03356677
2,2075,Female,67,0.02308335
4,2075,Male,68,0.0358699
5,2075,Female,68,0.02496889
7,2075,Male,69,0.03837793
8,2075,Female,69,0.02701516
10,2075,Male,70,0.04151592
11,2075,Female,70,0.02956346
13,2075,Male,71,0.04438426
14,2075,Female,71,0.03189195
16,2075,Male,72,0.0481896
17,2075,Female,72,0.03496369
19,2075,Male,73,0.05200041
20,2075,Female,73,0.03798528
22,2075,Male,74,0.05625986
23,2075,Female,74,0.04139869
25,2075,Male,75,0.06095526
26,2075,Female,75,0.04511765
28,2075,Male,76,0.06600042
29,2075,Female,76,0.04905608
31,2075,Male,77,0.07145582
32,2075,Female,77,0.05325724
34,2075,Male,78,0.07795455
35,2075,Female,78,0.05849638
37,2075,Male,79,0.08453956
38,2075,Female,79,0.0635839
40,2075,Male,80,0.09248659
41,2075,Female,80,0.07026204
43,2075,Male,81,0.10088475
44,2075,Female,81,0.07698692
46,2075,Male,82,0.11177761
47,2075,Female,82,0.08667987
49,2075,Male,83,0.12280774
50,2075,Female,83,0.09614884
52,2075,Male,84,0.13533893
53,2075,Female,84,0.10687787
55,2075,Male,85,0.14799519
56,2075,Female,85,0.11771442
58,2075,Male,86,0.16236489
59,2075,Female,86,0.12982855
61,2075,Male,87,0.1772212
62,2075,Female,87,0.14204273
64,2075,Male,88,0.19324329
65,2075,Female,88,0.1557323
67,2075,Male,89,0.20998723
68,2075,Female,89,0.16993939
70,2075,Male,90,0.22882999
71,2075,Female,90,0.18743925
73,2075,Male,91,0.24670183
74,2075,Female,91,0.2017033
76,2075,Male,92,0.2680949
77,2075,Female,92,0.22122342
79,2075,Male,93,0.28936665
80,2075,Female,93,0.24030668
82,2075,Male,94,0.31167734
83,2075,Female,94,0.26092256
85,2075,Male,95,0.33459185
86,2075,Female,95,0.2831808
88,2075,Male,96,0.35827776
89,2075,Female,96,0.30554416
91,2075,Male,97,0.38206889
92,2075,Female,97,0.32812157
94,2075,Male,98,0.40584726
95,2075,Female,98,0.35077026
97,2075,Male,99,0.43329935
98,2075,Female,99,0.37838664
0,2075,Male,100,0.50302598
1,2075,Female,100,0.4401442
0,2085,Male,0,0.01782252
1,2085,Female,0,0.01067533
3,2085,Male,1,0.00190755
4,2085,Female,1,0.00139628
6,2085,Male,2,0.00147464
7,2085,Female,2,0.00098301
9,2085,Male,3,0.00117609
10,2085,Female,3,0.00072019
12,2085,Male,4,0.00095845
13,2085,Female,4,0.00054429
15,2085,Male,5,0.00078792
16,2085,Female,5,0.00042607
18,2085,Male,6,0.00067119
19,2085,Female,6,0.00035176
21,2085,Male,7,0.00058185
22,2085,Female,7,0.00030458
24,2085,Male,8,0.00051053
25,2085,Female,8,0.00027361
27,2085,Male,9,0.00045976
28,2085,Female,9,0.00025722
30,2085,Male,10,0.00043292
31,2085,Female,10,0.00025155
33,2085,Male,11,0.0004305
34,2085,Female,11,0.00025481
36,2085,Male,12,0.0004481
37,2085,Female,12,0.00026924
39,2085,Male,13,0.00049193
40,2085,Female,13,0.00029483
42,2085,Male,14,0.00056851
43,2085,Female,14,0.00032993
45,2085,Male,15,0.00067947
46,2085,Female,15,0.00037656
48,2085,Male,16,0.0008174
49,2085,Female,16,0.00042619
51,2085,Male,17,0.00097957
52,2085,Female,17,0.00048192
54,2085,Male,18,0.00114718
55,2085,Female,18,0.00054026
57,2085,Male,19,0.0012835
58,2085,Female,19,0.00059643
60,2085,Male,20,0.00140037
61,2085,Female,20,0.00065266
63,2085,Male,21,0.001494
64,2085,Female,21,0.00070058
66,2085,Male,22,0.00157041
67,2085,Female,22,0.00075623
69,2085,Male,23,0.00163307
70,2085,Female,23,0.00081172
72,2085,Male,24,0.00168935
73,2085,Female,24,0.0008684
75,2085,Male,25,0.00175175
76,2085,Female,25,0.00092686
78,2085,Male,26,0.00181816
79,2085,Female,26,0.00099199
81,2085,Male,27,0.00190234
82,2085,Female,27,0.0010589
84,2085,Male,28,0.00199578
85,2085,Female,28,0.00112231
87,2085,Male,29,0.00209966
88,2085,Female,29,0.00119344
90,2085,Male,30,0.00222337
91,2085,Female,30,0.00126118
93,2085,Male,31,0.00234043
94,2085,Female,31,0.0013265
96,2085,Male,32,0.00248221
97,2085,Female,32,0.00141213
99,2085,Male,33,0.00262694
0,2085,Female,33,0.00149551
2,2085,Male,34,0.00279129
3,2085,Female,34,0.00159111
5,2085,Male,35,0.0029703
6,2085,Female,35,0.00171036
8,2085,Male,36,0.00315993
9,2085,Female,36,0.00183286
11,2085,Male,37,0.0033839
12,2085,Female,37,0.00197498
14,2085,Male,38,0.00362392
15,2085,Female,38,0.00214131
17,2085,Male,39,0.00388517
18,2085,Female,39,0.00232267
20,2085,Male,40,0.00419082
21,2085,Female,40,0.00252493
23,2085,Male,41,0.00446375
24,2085,Female,41,0.00272607
26,2085,Male,42,0.00478601
27,2085,Female,42,0.00293128
29,2085,Male,43,0.00511072
30,2085,Female,43,0.00313883
32,2085,Male,44,0.00546545
33,2085,Female,44,0.00334919
35,2085,Male,45,0.00587618
36,2085,Female,45,0.0035884
38,2085,Male,46,0.00629692
39,2085,Female,46,0.0038292
41,2085,Male,47,0.00679307
42,2085,Female,47,0.004122
44,2085,Male,48,0.00737385
45,2085,Female,48,0.00447161
47,2085,Male,49,0.00802194
48,2085,Female,49,0.00487019
50,2085,Male,50,0.00879798
51,2085,Female,50,0.00533241
53,2085,Male,51,0.00947152
54,2085,Female,51,0.00576119
56,2085,Male,52,0.01024224
57,2085,Female,52,0.00624985
59,2085,Male,53,0.01096091
60,2085,Female,53,0.00670644
62,2085,Male,54,0.01169441
63,2085,Female,54,0.00718151
65,2085,Male,55,0.01247624
66,2085,Female,55,0.00767863
68,2085,Male,56,0.01322889
69,2085,Female,56,0.00819408
71,2085,Male,57,0.01412794
72,2085,Female,57,0.00877274
74,2085,Male,58,0.01521613
75,2085,Female,58,0.00947331
77,2085,Male,59,0.01648614
78,2085,Female,59,0.01028435
80,2085,Male,60,0.01814048
81,2085,Female,60,0.01129056
83,2085,Male,61,0.01963843
84,2085,Female,61,0.01232566
86,2085,Male,62,0.02150798
87,2085,Female,62,0.01357527
89,2085,Male,63,0.0233809
90,2085,Female,63,0.01491491
92,2085,Male,64,0.02539228
93,2085,Female,64,0.0163992
95,2085,Male,65,0.0275438
96,2085,Female,65,0.01806046
98,2085,Male,66,0.02929695
99,2085,Female,66,0.01942273
1,2085,Male,67,0.03128468
2,2085,Female,67,0.02099887
4,2085,Male,68,0.0335151
5,2085,Female,68,0.02278385
7,2085,Male,69,0.03595428
8,2085,Female,69,0.02473263
10,2085,Male,70,0.03897379
11,2085,Female,70,0.02713679
13,2085,Male,71,0.04180738
14,2085,Female,71,0.02938586
16,2085,Male,72,0.04549607
17,2085,Female,72,0.03229593
19,2085,Male,73,0.04924727
20,2085,Female,73,0.03519833
22,2085,Male,74,0.05344459
23,2085,Female,74,0.03846985
25,2085,Male,75,0.05808011
26,2085,Female,75,0.04204478
28,2085,Male,76,0.0630848
29,2085,Female,76,0.04586316
31,2085,Male,77,0.06851093
32,2085,Female,77,0.0499715
34,2085,Male,78,0.07490702
35,2085,Female,78,0.05504181
37,2085,Male,79,0.08145816
38,2085,Female,79,0.06007188
40,2085,Male,80,0.08927371
41,2085,Female,80,0.06654851
43,2085,Male,81,0.09759472
44,2085,Female,81,0.07316475
46,2085,Male,82,0.10819536
47,2085,Female,82,0.0824007
49,2085,Male,83,0.11906001
50,2085,Female,83,0.09153105
52,2085,Male,84,0.13138091
53,2085,Female,84,0.10182356
55,2085,Male,85,0.14397597
56,2085,Female,85,0.11230096
58,2085,Male,86,0.15823612
59,2085,Female,86,0.12399727
61,2085,Male,87,0.17308632
62,2085,Female,87,0.13591237
64,2085,Male,88,0.18911051
65,2085,Female,88,0.14924886
67,2085,Male,89,0.20592072
68,2085,Female,89,0.16320038
70,2085,Male,90,0.22471073
71,2085,Female,90,0.18016694
73,2085,Male,91,0.2428236
74,2085,Female,91,0.19453454
76,2085,Male,92,0.26415697
77,2085,Female,92,0.21361547
79,2085,Male,93,0.28553668
80,2085,Female,93,0.2324876
82,2085,Male,94,0.30797015
83,2085,Female,94,0.25284905
85,2085,Male,95,0.33107167
86,2085,Female,95,0.2747931
88,2085,Male,96,0.35514726
89,2085,Female,96,0.29716391
91,2085,Male,97,0.37945464
92,2085,Female,97,0.3198996
94,2085,Male,98,0.40387182
95,2085,Female,98,0.34287111
97,2085,Male,99,0.43162668
98,2085,Female,99,0.37037021
0,2085,Male,100,0.50087008
1,2085,Female,100,0.4327057
0,2095,Male,0,0.01622137
1,2095,Female,0,0.01009473
3,2095,Male,1,0.00153868
4,2095,Female,1,0.00126352
6,2095,Male,2,0.00121852
7,2095,Female,2,0.00090823
9,2095,Male,3,0.00099173
10,2095,Female,3,0.00067364
12,2095,Male,4,0.000822
13,2095,Female,4,0.00051315
15,2095,Male,5,0.00068606
16,2095,Female,5,0.0004036
18,2095,Male,6,0.00058929
19,2095,Female,6,0.00033284
21,2095,Male,7,0.00051364
22,2095,Female,7,0.00028739
24,2095,Male,8,0.00045303
25,2095,Female,8,0.00025792
27,2095,Male,9,0.00040987
28,2095,Female,9,0.00024225
30,2095,Male,10,0.00038738
31,2095,Female,10,0.00023693
33,2095,Male,11,0.00038653
34,2095,Female,11,0.0002402
36,2095,Male,12,0.00040473
37,2095,Female,12,0.00025357
39,2095,Male,13,0.00044772
40,2095,Female,13,0.000277
42,2095,Male,14,0.00052136
43,2095,Female,14,0.00030918
45,2095,Male,15,0.00062778
46,2095,Female,15,0.00035152
48,2095,Male,16,0.00076047
49,2095,Female,16,0.00039709
51,2095,Male,17,0.0009152
52,2095,Female,17,0.00044796
54,2095,Male,18,0.00107389
55,2095,Female,18,0.00050111
57,2095,Male,19,0.00120343
58,2095,Female,19,0.00055242
60,2095,Male,20,0.00131114
61,2095,Female,20,0.00060344
63,2095,Male,21,0.00139326
64,2095,Female,21,0.00064711
66,2095,Male,22,0.00145699
67,2095,Female,22,0.00069637
69,2095,Male,23,0.00150746
70,2095,Female,23,0.00074524
72,2095,Male,24,0.00155234
73,2095,Female,24,0.00079488
75,2095,Male,25,0.00160304
76,2095,Female,25,0.00084588
78,2095,Male,26,0.00165759
79,2095,Female,26,0.00090155
81,2095,Male,27,0.00172836
82,2095,Female,27,0.00095858
84,2095,Male,28,0.00180846
85,2095,Female,28,0.00101274
87,2095,Male,29,0.00189862
88,2095,Female,29,0.00107289
90,2095,Male,30,0.00200585
91,2095,Female,30,0.00113012
93,2095,Male,31,0.00210694
94,2095,Female,31,0.00118446
96,2095,Male,32,0.00222769
97,2095,Female,32,0.00125475
99,2095,Male,33,0.00235019
0,2095,Female,33,0.00132328
2,2095,Male,34,0.00248835
3,2095,Female,34,0.00140222
5,2095,Male,35,0.00263896
6,2095,Female,35,0.00150148
8,2095,Male,36,0.0027988
9,2095,Female,36,0.00160495
11,2095,Male,37,0.00298892
12,2095,Female,37,0.00172699
14,2095,Male,38,0.00319493
15,2095,Female,38,0.0018716
17,2095,Male,39,0.00342109
18,2095,Female,39,0.00203126
20,2095,Male,40,0.00368548
21,2095,Female,40,0.00220974
23,2095,Male,41,0.0039238
24,2095,Female,41,0.00238717
26,2095,Male,42,0.00420223
27,2095,Female,42,0.00256619
29,2095,Male,43,0.00448235
30,2095,Female,43,0.00274422
32,2095,Male,44,0.00478763
33,2095,Female,44,0.00292177
35,2095,Male,45,0.00514149
36,2095,Female,45,0.00312174
38,2095,Male,46,0.00550969
39,2095,Female,46,0.00332491
41,2095,Male,47,0.0059491
42,2095,Female,47,0.00357451
44,2095,Male,48,0.0064696
45,2095,Female,48,0.00387664
47,2095,Male,49,0.00705809
48,2095,Female,49,0.00422549
50,2095,Male,50,0.00776109
51,2095,Female,50,0.0046319
53,2095,Male,51,0.00838559
54,2095,Female,51,0.00501506
56,2095,Male,52,0.0090845
57,2095,Female,52,0.00544438
59,2095,Male,53,0.00972932
60,2095,Female,53,0.00584296
62,2095,Male,54,0.01037259
63,2095,Female,54,0.00624932
65,2095,Male,55,0.01104713
66,2095,Female,55,0.00666939
68,2095,Male,56,0.01170149
69,2095,Female,56,0.00710592
71,2095,Male,57,0.01248922
72,2095,Female,57,0.00759978
74,2095,Male,58,0.01345485
75,2095,Female,58,0.00820355
77,2095,Male,59,0.01459946
78,2095,Female,59,0.00891122
80,2095,Male,60,0.01608937
81,2095,Female,60,0.00979258
83,2095,Male,61,0.01748706
84,2095,Female,61,0.01071644
86,2095,Male,62,0.01920942
87,2095,Female,62,0.01182659
89,2095,Male,63,0.02094949
90,2095,Female,63,0.01302168
92,2095,Male,64,0.0228089
93,2095,Female,64,0.01434298
95,2095,Male,65,0.02478731
96,2095,Female,65,0.01581734
98,2095,Male,66,0.02645856
99,2095,Female,66,0.0170724
1,2095,Male,67,0.02833714
2,2095,Female,67,0.01851786
4,2095,Male,68,0.0304398
5,2095,Female,68,0.02015569
7,2095,Male,69,0.03274918
8,2095,Female,69,0.02195428
10,2095,Male,70,0.03557658
11,2095,Female,70,0.02415097
13,2095,Male,71,0.03831985
14,2095,Female,71,0.02626732
16,2095,Male,72,0.04182177
17,2095,Female,72,0.02895099
19,2095,Male,73,0.04544456
20,2095,Female,73,0.03166755
22,2095,Male,74,0.04950567
23,2095,Female,74,0.0347234
25,2095,Male,75,0.05400234
26,2095,Female,75,0.03807347
28,2095,Male,76,0.05889842
29,2095,Female,76,0.04169425
31,2095,Male,77,0.06422402
32,2095,Female,77,0.0456238
34,2095,Male,78,0.07043395
35,2095,Female,78,0.05042125
37,2095,Male,79,0.07686921
38,2095,Female,79,0.05528405
40,2095,Male,80,0.08445635
41,2095,Female,80,0.06142813
43,2095,Male,81,0.09261351
44,2095,Female,81,0.06780924
46,2095,Male,82,0.10281465
47,2095,Female,82,0.07643992
49,2095,Male,83,0.11341713
50,2095,Female,83,0.08509278
52,2095,Male,84,0.12542941
53,2095,Female,84,0.09480791
55,2095,Male,85,0.13787932
56,2095,Female,85,0.10478825
58,2095,Male,86,0.15195189
59,2095,Female,86,0.11591824
61,2095,Male,87,0.1667333
62,2095,Female,87,0.12737402
64,2095,Male,88,0.18270877
65,2095,Female,88,0.14017418
67,2095,Male,89,0.19955221
68,2095,Female,89,0.15367127
70,2095,Male,90,0.2182701
71,2095,Female,90,0.16989426
73,2095,Male,91,0.23663075
74,2095,Female,91,0.18417159
76,2095,Male,92,0.25792807
77,2095,Female,92,0.2026431
79,2095,Male,93,0.27947557
80,2095,Female,93,0.22118667
82,2095,Male,94,0.30212619
83,2095,Female,94,0.24122949
85,2095,Male,95,0.32554597
86,2095,Female,95,0.26284427
88,2095,Male,96,0.35025109
89,2095,Female,96,0.28527742
91,2095,Male,97,0.37536514
92,2095,Female,97,0.30824804
94,2095,Male,98,0.40076235
95,2095,Female,98,0.3316323
97,2095,Male,99,0.42922745
98,2095,Female,99,0.3591386
0,2095,Male,100,0.49789185
1,2095,Female,100,0.42199894
